infected,reward,economic_cost
183.28406009153446,-24.277635439431755,47.61180607192268
143.580238559014,-26.692546101366688,52.85236949500287
182.90816429549707,-27.19855831408587,53.410423837218765
155.36411789024694,-26.013085869943396,51.436241112277806
105.03584438864918,-25.62848163098385,50.97062285784336
151.68141123353564,-24.987186369883766,49.42864510739103
155.01735498744517,-24.566754608400704,48.53620106800387
184.06305696314155,-23.515937005319625,46.05737503000587
215.43872092573122,-23.279783357436667,45.17975843135595
280.30344345718413,-24.8883099974881,47.56928689336663
203.72335990756338,-24.777709317220015,48.415435695928295
146.8178849284556,-24.192082179055586,47.8097343787284
177.51794271587337,-24.234342778844006,47.65996457173789
153.92985510283742,-24.006361833515346,47.426974893427165
138.85755792814157,-23.55680183677128,46.616388864303026
190.48818821929626,-23.56624289091159,46.08082841634154
203.762414972883,-23.657619597027438,46.17998785935903
134.7540864824088,-22.71756484305503,44.970104056819125
152.59824045554979,-22.885752068283644,45.15348714306606
184.88350554135872,-22.274874587599356,43.532625628544594
163.5849476353908,-21.758584936063276,42.79701190227012
127.0780917055783,-19.68218933778248,38.88141330370671
222.27709271570743,-18.239265182551566,35.024143357826226
304.4800756718338,-19.329312948763466,36.00641899347454
209.7896376092435,-17.33611548349794,33.439443406511565
166.6101564786732,-14.864321774733531,29.045745552157225
153.73841888246682,-14.475019036117512,28.25584130147803
93.97585804358935,-15.4041741383547,30.53583753009047
147.42997835206205,-16.13926596918775,31.649112613282036
176.88639439959366,-16.454063985140593,32.0352485452585
213.59233560932904,-16.504183516034555,31.651926517320476
139.18575433329644,-14.626486300588459,28.735294744053846
135.48808480783046,-14.861165063217504,29.20622525080462
186.66454550863907,-14.723871246264302,28.41004371426343
112.84551408175513,-15.007179876480516,29.658339858692713
95.38510102430254,-14.665484518030892,29.10564543842979
184.70854738075772,-15.147915908410214,29.315334341948557
181.40894689780598,-15.827391789116533,30.666938802946493
120.14033164906897,-15.566795583319632,30.730855995278937
256.2468699538734,-15.970172745507245,29.959180044384556
195.6744999127279,-15.758849719656775,30.387525141856216
173.81868342656267,-17.12822204681545,33.40816777584003
181.02108484505524,-17.57878841750049,34.222227519058464
186.14162219191093,-16.95534933308702,32.99506370934626
232.41049895665142,-18.13275148761126,34.67693332415125
158.83651913626434,-17.80335857350075,34.94341993199057
174.4123270059862,-18.14158577593244,35.44924467234325
233.52772362227503,-18.743381097989893,35.94159205880249
224.87744990284406,-17.86609203016527,34.417320217954426
110.37584605680564,-16.41796176221145,32.52734162840821
166.60488399951234,-16.278433228973256,31.853201340440172
173.7443969658035,-16.574211816455428,32.23904920062241
130.5070280632076,-15.567073730842852,30.68047928971167
219.97851805031638,-14.980118922127126,28.522629492564587
206.13380586081067,-15.17002874199538,29.10678970211795
103.92316247981546,-14.392676441288152,28.506485934636835
164.43139712110516,-13.167471420847834,25.642148429737432
169.21764081275205,-13.96022922286076,27.177575232763065
225.85410868071955,-14.034212582042171,26.67862033391391
148.2908068725403,-12.940490113410632,25.304522493858936
193.3849615939004,-13.259124978802284,25.555179529710227
213.4970478065821,-13.27937888512549,25.263152395952734
247.7605475180431,-13.509713026968043,25.34566372947803
242.42061312604355,-13.753323031694302,25.8952331614015
154.821270237256,-13.259345744202552,25.788555185819
168.85380505560167,-13.192893124582756,25.599932822737994
124.39524232835416,-12.343859539846466,24.289344541960556
114.02587331871523,-12.858146215955971,25.379632982377103
222.17743627836046,-13.092285619886582,24.89318129488561
209.31360323218308,-13.164962092924085,25.16137017997508
178.9038583637267,-12.586219612033167,24.280357296435888
128.4653868032144,-12.05799464723659,23.64489894027024
153.9368503909803,-12.995585955024424,25.321713548343684
158.69246179494132,-13.25904365510925,25.631210233737452
295.2280923852595,-13.244512025488653,23.960788877214817
221.51583203323753,-11.548499051638982,21.690027541592567
140.10778818301435,-11.782560132901748,23.00026063746999
194.06138787722213,-13.250558785660822,25.40952919779301
200.5601867118702,-13.104713884047383,25.098458556310884
188.88626112003936,-12.785110519033552,24.514310620859714
221.57471066094237,-12.935456190863647,24.43892028540875
157.93048930477858,-12.429243242642162,24.170230468133603
220.14716198428275,-13.000561017394244,24.62445874369601
264.7779191354795,-13.62933040903397,25.368866868393027
172.1463480399013,-13.31546055594408,25.807907023146075
242.53246035735674,-13.09857815417514,24.516541695248613
116.13684491155703,-11.891791411739211,23.450598032398467
163.30300725740025,-11.825056308229422,22.871029545572746
148.98503563532384,-12.288769109958423,23.988288968099468
220.5861690103696,-13.785490996848306,26.097693216534996
226.55011834622903,-12.343302292026056,23.230063308844095
156.31915010270876,-12.31357052554566,23.99399867359096
196.68262193653882,-12.29879855324053,23.48297420141473
159.71842472895852,-12.34362578437013,23.930325246789444
127.51512859680929,-12.60259847078466,24.77737640792513
209.10085167887485,-12.212781166354057,23.1981399989629
120.21880431192686,-11.524908864879485,22.61055804721527
154.3253386060024,-11.313814829481936,22.021347811959945
201.69126699254815,-11.740687678210497,22.367817009605456
243.02535078937063,-12.414310034905867,23.219172763733017
187.37811370508268,-12.823900385199732,24.68063695876183
142.30562757238985,-12.0093722780519,23.4479873667301
137.42120477369284,-11.83281561276008,23.190829318164564
169.84210173349376,-11.460722400566308,22.131367662003203
145.96917505471615,-11.774240686870353,23.03179119786797
182.38888315418234,-12.620406076838531,24.331389635265317
155.74515947879152,-12.308406114657046,23.9640918767828
289.64750584862463,-12.703905683295782,22.814321431264585
150.6253423024271,-11.725377019235033,22.877187391706347
157.773560070489,-11.776943292314927,22.900557943379173
133.88996020545173,-11.338458067904128,22.209046614982366
166.7012300638561,-11.764142400460623,22.6534076705533
139.98699109001126,-11.658969256822939,22.67182763558668
118.5932570874658,-11.689718868668653,23.032668709787185
159.0954475204281,-11.933600621281471,23.166943441256215
243.61414468510273,-12.095603908549995,22.565530069970333
162.08555456840082,-11.749947611042101,22.793939975568083
120.45777043963571,-11.615674377255328,22.886826834146902
147.87437307819528,-11.50943255159353,22.38214126222499
201.05219038843654,-11.734152131878892,22.250451128875646
227.80607756240522,-11.912339899077278,22.41305678589526
142.3246183598833,-11.8209887900342,23.128500079312097
218.17429060209878,-12.411924965824813,23.464515079617616
240.7194385276678,-12.517807357041923,23.472566253359187
236.74558764921548,-12.425246124970153,23.368142951358266
148.4727667692086,-11.302951838672833,21.9922509464729
205.2426120652135,-11.557563352462182,21.913342154881576
100.28152399291082,-11.20978058901528,22.13570854810269
168.03665468399416,-11.135343779299992,21.350834931145023
232.52279685086145,-11.641939264010587,21.81937117485057
122.54305996805184,-11.155666126576707,21.95507453312018
219.54599507312224,-12.362870990427542,23.304349569949878
210.20117938255788,-12.362318596716822,23.39793703429159
192.03447523867152,-12.212058335624299,23.420569148986253
156.37922244430143,-12.260293268048564,23.843156825122716
154.94572119826486,-11.770102245264978,22.9554690880728
170.89331408568972,-11.417210906871444,21.988879935805645
183.31053636793226,-11.915390383154609,22.891488669261307
158.25809850778035,-12.293170982803654,23.83256085559962
223.2029639299692,-12.675856904105645,24.082914852974856
245.55127047819326,-12.130054555461703,22.751046030819335
167.90735462118266,-11.448840216320969,22.140980119501908
299.46277206180537,-11.527426879551829,20.394750293353336
204.42057984530408,-10.930199854133186,20.566302825791762
97.95288772234194,-11.443534370403961,22.64197003458831
113.87863702130028,-11.711300570467673,23.09471998004903
237.69204489286452,-11.44182732547848,21.38266584763031
153.64454982017088,-12.234926721461926,23.828259100640405
144.90415870503256,-12.441378454353453,24.294302748488544
219.34625936271357,-13.18543088938735,25.01787606668861
224.6229810441293,-12.123347794404136,22.876252701832563
159.55520820080406,-11.898822642744632,23.114695919976466
207.93529558546197,-12.874135202646729,24.6280977101531
103.33779434111148,-12.741492795209531,25.224569740078373
212.34113765240107,-13.710526675255736,26.093893912244987
152.09769058883276,-11.418369464236532,22.22861647173059
173.6195177386038,-12.197111878412947,23.51237025074101
267.90716368252254,-13.176403196881264,24.356554473452956
113.66808985999181,-12.202108482898037,24.038550791598553
133.12322482533563,-13.19686732642024,25.879771706196678
198.14662122481815,-12.965863477707298,24.876166597824977
164.2569355174567,-12.850984244826583,24.98250204346553
184.17748238994756,-12.217747569712722,23.479938621415023
165.690736550998,-12.040531884923727,23.255754037196514
137.42951031727657,-12.518967187228382,24.45339200506059
158.6576548156624,-11.242442582999383,21.766312035758144
167.54976096616235,-11.721033739368464,22.664413280723966
309.4143408730555,-13.357205987533732,24.171046831197227
150.25580279232832,-12.359953651285418,24.13883070260885
148.13744828079166,-11.808656088154343,23.0038772934443
224.05921707753356,-11.981691785108236,22.592956183019293
191.48708059529775,-12.026008368940815,22.96539937172242
238.43968233424863,-11.93192556458547,22.408157933802656
191.2995493960501,-10.689642580961607,20.373093351474576
146.72451773770666,-11.076355775820641,21.573161156199475
128.21262956825538,-11.407475357045334,22.335594823753343
122.85587554271285,-11.586134894728378,22.770313943623645
128.97010317021517,-11.490580938457859,22.513590942379928
236.11340139455473,-11.925295421712136,22.335847517163575
92.91531592313895,-11.56020500086627,22.91395306436194
136.01534972999292,-11.25522228463052,22.022407926876028
196.32025322216262,-11.890098150038149,22.679114258832673
216.5919003270191,-11.47381456796679,21.664221382767394
162.13014715244427,-11.613371291759963,22.433210674980753
147.87511252367145,-12.098621157023507,23.680850259465522
221.73839187116045,-13.232944074531307,25.097554011439524
223.7459961094603,-13.510565997143402,25.698850333064577
215.55646719089935,-13.027455804831991,24.75251152080636
179.50666109292973,-13.213595988804773,25.42776709378408
165.55586597264914,-12.92860517578782,25.109494935490332
275.6226501053777,-12.852516826255938,23.76728294760336
146.32054017702188,-11.604607218141794,22.650274510727904
177.47674687997662,-12.017541108929109,23.133699563188067
219.21188438138972,-11.334295212396501,21.335018892617036
179.07872848488748,-11.649513791429529,22.429410206132093
199.22829929556588,-12.01976064044864,23.01119079085988
136.88565930869194,-11.52904747856865,22.59460966026774
186.80907520213262,-11.083152165067537,21.099690548188754
207.40137093363745,-11.252447894637617,21.320291741822015
168.50685018677245,-11.453627843722908,22.117477076344787
151.954058063143,-11.73939853830051,22.905227668916986
173.50199410472095,-11.979435494980114,23.21189353355889
271.9642719812516,-12.67936318099389,23.197663698842423
209.89786215882816,-11.536067314163356,21.791405087520268
183.78640852482187,-11.233207409609474,21.60225939717435
172.99431090997754,-11.20984494141599,21.538547425578948
107.9438751916795,-11.784237547649356,23.21123847578669
113.08485722232685,-11.999772937488059,23.656616131336936
235.12304862256678,-12.35247883297917,23.16369525378101
246.30909569952073,-12.669487068137155,23.577639558242776
171.16439548646946,-12.1806899195052,23.511349529275513
153.9341061690153,-11.905649177300445,23.175905163605073
170.25140746550835,-11.378593757940855,22.02687223633721
294.11215586833043,-11.652096069881997,20.82054370658843
140.60027389296536,-11.778169373901434,23.015915084662876
202.07771746286988,-11.96886016905102,22.78517894975832
173.15283717288753,-11.327719508919905,21.895784307434518
136.07621459962124,-12.461992630369481,24.358033771685317
117.34432414701817,-12.54890042071558,24.682100235728804
125.52045567384332,-11.532817089946894,22.681887394046456
181.4003065124774,-11.721247789415601,22.603524928931094
176.987337004979,-12.5510842495066,24.201405509651785
185.73507187946507,-12.60095745870263,24.21199688578524
153.66182474231385,-12.31566405568309,23.998751490745217
225.88632519212038,-12.544601580653207,23.635418654765118
199.9475196503803,-12.342245902650122,23.498506670667915
252.3838654430508,-12.773627401540866,23.759049511284847
180.80652557059602,-11.832614254693766,22.61238917073583
123.39724699179726,-12.407106078753374,24.459778523883795
260.5469152141985,-13.546961818655504,25.154102765912523
133.4959320531077,-13.408204269397306,26.300794479686
210.851202361336,-12.929756745748563,24.62854598044432
125.42223537377295,-12.205903451687007,23.98434514179471
203.20081441551673,-12.644297217832637,24.231536711396423
254.60917957967902,-13.044076954621547,24.215965649148476
163.44132930481294,-12.50684723315891,24.27184764013959
262.91619136941665,-13.077387569104829,24.138791166684026
123.33770365532806,-12.847367133204433,25.33058039993856
233.03509710886198,-14.041094159082729,26.54158169487218
82.65563256595391,-12.969024699849706,25.77668141507628
259.5402189139857,-13.124274503350648,24.430338081735268
168.12776322660503,-13.153969764365163,25.555029398698505
137.65420285363533,-13.047639840005612,25.57229505599488
191.4299511111163,-12.933888971993255,24.927504550796932
159.31213842667796,-12.463346692351955,24.286210510685237
111.83712402311721,-12.020711475812593,23.73622568469197
158.66543994143157,-12.264325669180673,23.892943208119576
256.9404786483851,-12.256717588215903,22.695638930096795
134.99635311361243,-11.374411923488154,22.253870263186542
245.37201472419014,-12.416134026244848,23.31972365938709
105.5635268108254,-12.532694922483651,24.754926569228594
156.64955750550746,-11.917009934293725,23.24895065137635
187.70249755887986,-12.692929933923976,24.390111912486685
216.78365343642554,-12.615140912398216,23.916872932519258
197.50590132282588,-12.588252216066547,24.167394631085216
117.83094667030788,-11.68879805127259,23.03994486383428
113.34918762903591,-11.378194584829242,22.412723295937692
159.02563162911716,-11.968480951673447,23.255554591934832
120.0654646312569,-11.548699469837086,22.718667915713354
150.56674395179624,-12.066566486057285,23.48805788531711
243.66784216155236,-12.37624223487372,23.001447018957776
214.59745694992588,-11.556851551636449,21.847086712574082
197.7815984006088,-12.244703212500228,23.29532978923716
218.39283027547455,-12.560608612153718,23.86125720781774
127.32196733448207,-12.41520360888892,24.40918732995124
138.10263121558006,-11.819929469978975,23.137698578885654
292.14590028219334,-12.627524892812215,23.003385409839325
177.73789003587112,-11.971516105092217,23.044758125101993
161.28953513152183,-10.643750206143585,20.648928825431394
271.1982141318858,-11.360666196126985,20.802098993377527
173.82148462043685,-11.414396629410476,22.010132808501773
149.5890035412895,-10.456211623020078,20.318867531672755
227.20466592690877,-10.383634529188047,19.18695087006394
113.38983861839594,-10.175328481225787,19.993120263648912
157.0827408645045,-10.291003239986532,19.916456193202634
123.96596142193718,-10.59267181324567,20.72248963768463
250.4083633653409,-10.623961498115795,19.56848254289182
130.41320201478672,-10.911221632125928,21.42409297128852
164.48349634057766,-10.972946293771514,21.229570192710955
168.56923923672812,-11.193602538799162,21.55841180140354
202.4769606241465,-11.177270817676114,21.245027196724624
241.22320883674342,-11.68010277667298,21.7319942420036
149.37092229789664,-11.256026463814923,21.867925484648588
134.64976992265116,-10.60447651942851,20.721684506324223
105.40730062579708,-10.550368373266403,20.831587134437026
199.71114930064118,-10.968110825912325,20.947932511903517
153.4358643486661,-10.938347195994032,21.15537564624041
140.16793888891297,-11.76945955707071,22.946972119695943
85.95467076780118,-11.320782024325938,22.458685625872015
142.65964682772858,-10.498172938414346,20.506714483359104
222.97506978340127,-10.928488267054142,20.551973155695663
135.9320348920827,-11.129544997050932,21.814212669563048
139.87154817007095,-10.778334016846486,21.02174709858739
191.80846976188354,-11.26909860637112,21.540192478362755
204.79097698411653,-11.285792852367729,21.478727887733932
122.43215556360212,-10.619399843005787,20.86219339967779
98.16419019823344,-11.052585539289222,21.87956774093041
156.73378690079812,-10.658399233717796,20.646512549423647
173.88703077703676,-11.29291563830492,21.74715715559009
132.50552933722537,-10.76111033053536,20.991007767414843
223.20263716142634,-11.312969559208454,21.238129386918743
114.50005678138056,-10.351513218062223,20.33756993270349
267.40915299580917,-11.093456071040436,20.278668651998913
225.506764924299,-11.762311339837094,22.21405722806991
193.46866850607503,-11.62562932410594,22.282219105509306
224.96057875740829,-12.097687447516332,22.692272301551192
160.08123211803215,-11.131930034332084,21.552394785508955
211.1888757078883,-12.101081985959288,22.936920939058183
161.9024235335166,-11.71040499299387,22.703156013024223
143.5940686653543,-11.562635623075286,22.55911060228045
175.77431345382314,-11.665376849610352,22.422992409552457
195.22647007398078,-12.041624446253941,22.89801438588576
156.68186200799911,-12.127070450474665,23.561025749300867
90.12763459660779,-11.931060429618041,23.655879041546303
120.4510808125488,-12.077025919811685,23.76814558012787
131.4858550995403,-11.845294281410835,23.253308043179068
121.03273586553905,-11.9424105546743,23.51801621702919
192.07960624828442,-12.048840441138687,23.10233713296416
153.4431766839714,-12.165500029238146,23.741390101141107
187.28386226849298,-12.907803018113777,24.82459744362205
133.4468371131856,-12.710329676466761,24.967569039663715
271.0639259993451,-13.277153078962156,24.4809396845768
155.84552500830358,-12.119203878530815,23.607688839730045
202.5279166706012,-12.2712980352852,23.3925508626396
120.40408616801098,-11.274426913446788,22.20062775099403
158.17487257554657,-12.3441892451097,23.911447415554843
235.913330239587,-12.777563299094544,24.092872313956846
146.52358817186732,-12.146442466560657,23.713595671599666
192.91692354944647,-12.820855825716263,24.627440503008607
167.57426640027495,-12.43312390091896,24.19745527337672
198.92849988653842,-12.258911011113362,23.470790467134663
188.69064272118987,-12.053663685967736,23.13448942687334
180.39132083237428,-12.4916620340818,24.146244468382942
177.64410205865735,-11.554266235552625,22.336907045616897
245.19700002541435,-11.74216158111851,21.803413961049102
167.44412134042113,-11.702158132899152,22.643037399569828
204.02279539831483,-12.149250333022508,23.210185805403512
229.76386760882636,-11.46097435820569,21.38023287882031
197.50544600596672,-11.912132235593768,22.81409382986106
171.91236044711258,-11.445617705960933,22.02844460354546
175.37761880483106,-11.842792651644393,22.756209746725883
138.64872696827126,-10.730287000340535,20.96866938388617
138.1933037524606,-11.482654955929407,22.37406123649306
193.39098723399425,-11.103981432519738,21.21200075536095
120.71332799042537,-10.843947442544584,21.269944215553075
144.67033626414363,-12.22516426874311,23.9109665841944
220.11296571784357,-12.367338997092677,23.353711000404402
238.55469620186997,-12.52043121078123,23.57464046283365
185.68055409159732,-11.485998224530254,22.05429733329556
149.0819974113036,-12.124028029502773,23.58881147267578
198.9584339487855,-11.577968137833482,21.983401642357187
169.5170092829713,-11.165634627344485,21.602468652305788
153.2094335470205,-10.984749012833138,21.384481967378417
172.86906456087175,-11.233094801366343,21.68234881885154
145.2754311264256,-11.536904013261413,22.526252253257923
135.30312590272422,-11.055041492728256,21.639106670959528
153.4213611167787,-11.693267342656043,22.756043379565593
196.0464108377171,-11.836350821651243,22.70356678188828
203.9423807670781,-11.840044260217002,22.576850685469967
282.70971842500364,-12.308915802382527,22.429967230882184
157.22685435135168,-12.04217025932646,23.33354298517106
177.89847903178998,-11.852749485151124,22.786784278131197
160.92981789712667,-12.007965972742797,23.322930970030857
230.42675234292395,-11.883546283200655,22.2579708476805
230.4632013675742,-13.49249185040651,25.551891383959457
175.26596798209613,-13.040296025421625,25.289363378494436
141.09829185208156,-14.70209970245572,28.88718233199912
177.13970018162325,-14.923916246198074,29.017605048927166
153.72278397786758,-15.626676841077114,30.54009390966575
101.48284051791593,-15.398258286319845,30.557023392708796
129.71115248613032,-14.543272625319338,28.65828333206214
169.7514186458424,-13.698073028699012,26.537949603265233
194.879760387849,-12.86206157858245,24.707552371085605
193.90199004970378,-13.136415522403535,25.281696043001176
153.2276869484126,-12.210382281968705,23.806206375481366
192.72157774422027,-13.392274401289376,25.727054318611298
235.56119633674837,-13.960592930654917,26.286789268843933
242.8696758161738,-13.594547778694693,25.39280762903631
188.58577693408978,-13.470243695093453,25.93839532177691
166.53262376794365,-13.54855087413729,26.35073986848805
173.0269989759096,-13.342093621901261,25.766828685219057
133.0461372261683,-13.130125260975772,25.792188755703926
190.44772173650276,-13.705364225838974,26.45431771998108
157.15507357673056,-14.677842041232761,28.63118454775063
178.76296071968343,-15.806419189753193,30.60796726208049
209.4791704337482,-15.179656609776222,29.089269733811214
196.48316239301374,-14.810765306100544,28.601860803522445
165.90456748177488,-14.026271472774576,27.232005713553527
198.49719891026362,-13.802936540897234,26.56229510198571
193.18576730333493,-13.776766511982569,26.412738357029763
164.06942608507785,-13.609785555799997,26.49992321466423
228.19983453240508,-14.247304786905948,27.031194619938635
157.30749942787114,-12.914692218650574,25.18038501676594
242.91965677036205,-13.63302133385426,25.72267969527176
176.50300448042432,-12.32561401880187,23.742551926965497
228.90064924160646,-12.98763590579279,24.218807543952863
154.75385576170507,-11.38280903088022,22.10009590754108
146.80999481341541,-11.206175506419251,21.88082171753317
191.01277890057435,-10.844711964050946,20.721391182502174
171.95357029129872,-11.104942179447495,21.323999481999394
215.24676986129606,-10.69647378396132,20.102968100379734
191.66082670944616,-10.550265100026229,20.03531338811341
244.44434327906663,-10.737779279694076,19.748129006340232
262.95445815015376,-10.666512614809486,19.201510037705496
196.49605274980146,-10.12949279189027,19.134383589256803
153.74551834138674,-10.205219723849343,19.72917736418302
219.40701432332676,-9.995236752174172,18.631311636771954
118.02175235164728,-9.846121457256395,19.310799861547043
239.50327559081043,-11.188994850635886,20.803850161932324
134.03399683704887,-10.707234350782823,20.897757508614692
273.97988248867796,-12.996503073280183,23.77017949693757
242.02581509856645,-13.028920516601708,24.403465304643213
190.26449948192484,-12.773951578446507,24.603765505401043
212.84262578470862,-12.866726227915231,24.56065527520123
246.26736479634053,-13.160649594784429,24.741331837975657
202.70167698060067,-13.335301256075608,25.48433609966705
185.8197767489029,-13.847382060139864,26.737371784848857
203.3078113520627,-12.9293673611505,24.778008777299867
127.15907826030207,-12.954474788498004,25.416510358782233
161.408815004177,-13.046765847981519,25.39062720845988
255.41827219191487,-12.926220406768584,23.93699538282834
181.6075675493919,-12.967073748053261,24.949743317860676
209.36038649332673,-12.847125059736804,24.544332166002924
183.92143183244997,-13.036421229594211,25.157962515885508
227.3273522873155,-12.925176906095182,24.37916236983506
192.07460564836418,-11.276862541409306,21.56409453288598
172.6566144085887,-10.822320993049866,20.828363541186615
188.2254506963008,-10.778858992269338,20.43317553833402
165.9138913531527,-10.263628547203595,19.80255664196521
162.3097154132157,-10.221917134853062,19.83647087555531
152.16842265320403,-10.971085939577948,21.23640472728002
214.8379970150086,-11.167045641772946,20.973898900286553
131.69102201704888,-10.67479092452101,20.851362166499953
150.7259528882945,-10.158747584760508,19.66511915201985
129.23080860473866,-10.222106387480562,19.885765355114998
221.9559795561346,-10.536442636477824,19.731169380466298
139.17850362915044,-10.53000631579921,20.422108255938316
230.16870823626522,-10.819010803741946,20.064266934972864
109.2495271657412,-10.20927007671955,20.135526100751733
99.14214489393214,-9.671357841648655,19.03027332599743
212.9821223423402,-10.762812575304709,20.277840500438188
169.08266391493473,-10.225442747607588,19.65041704183188
188.87941695336698,-10.59245223952263,20.300613304196915
183.11967608993626,-10.60368353258487,20.231348706966486
169.2621805733391,-10.58750141875941,20.182019236410383
270.07972106803805,-10.939764000086562,19.79128146222609
246.09347022312008,-10.620481692830467,19.50023745274286
269.4857726930474,-10.263549342554462,18.716893701220908
185.12591443723366,-10.474267007260192,20.028863574827497
196.85401706324583,-10.619605449505697,20.16269991437639
187.5383189574402,-10.294766781458465,19.607531548461125
232.8192075876388,-10.445111733127021,19.389816932215123
103.3127783637541,-9.968918986882777,19.656205045319027
141.73751467794293,-10.689116608549467,20.905623950407183
138.0002218675104,-9.99187443914175,19.454064631958467
177.5793392020365,-10.401169111653354,20.01017172140561
122.43580863073113,-9.919151348595442,19.40342764928961
131.43528527135084,-10.049327778414689,19.61230134106299
143.51055024962963,-10.126885698453917,19.62585052987334
188.50715582977452,-9.621852586697653,18.25783117011173
196.55250916781463,-9.840251923024761,18.584190673836652
99.75133887956463,-9.847729773210428,19.42616711778987
119.95140068367911,-10.506398274336306,20.636175576448988
125.96274880880188,-9.989888049192059,19.558982410712584
217.61918004917226,-9.322586445501255,17.321297020740005
134.41637154920326,-9.55844389337354,18.593277237612405
214.94884682116412,-10.349345968330383,19.434946140929313
253.3480431282767,-10.969808439759051,20.02542191195597
165.45172669346016,-10.100005071904683,19.470201554275793
155.98667927112808,-9.980183151416849,19.27211448518819
226.8311083748161,-10.9166166924156,20.420705343775666
143.97315832488283,-11.07062239446586,21.59302471772314
115.23107166012215,-10.542091040051723,20.721772151297092
217.02160176519578,-10.27101243702454,19.301647648832667
174.40934253705873,-10.473667673675047,20.059048750806298
154.26327945457152,-10.28264214537665,20.003251408028216
178.31444127961902,-10.791683859798733,20.549349792199486
160.99387761674282,-10.561260722177293,20.423467212081828
104.55445998027174,-10.708547192856853,21.112354203852984
130.68966162907512,-10.30595176833849,20.187725382424947
137.31428733316886,-11.099585362083571,21.66588854071402
159.6011543352138,-11.183696522746285,21.677375791249375
115.09200586410685,-10.809152309152836,21.289836273256878
108.07796278700982,-10.888598015807084,21.428315479222864
266.2052725543584,-11.742081578433105,21.375038589558965
163.51707175982884,-10.680952910791037,20.636450928687974
166.77506475002693,-10.492446956453444,20.177745866524297
153.4851067488548,-10.262017218692197,19.858926803773574
183.0912830532806,-10.37695175399322,19.840551758327724
130.50646488670193,-10.195026698740433,19.9008276386041
130.8067469564602,-9.794150186667768,19.18042639274811
233.31794670078114,-9.369183260830663,17.10839083551122
238.15970413201984,-9.647443827575682,17.622796794108297
180.37876325897858,-9.960174873162215,19.035194263957916
207.6130646373212,-9.103415285843543,17.07206725968554
113.89858127085807,-8.717582687065448,17.07679923194708
188.32502245627393,-9.721657657377358,18.530218639088638
146.79714945914805,-9.585265860629871,18.659406043473805
126.40670464315048,-10.296389609531278,20.172131151456913
327.88861348667785,-11.547917515243855,20.129556442571364
